<?xml version="1.0" encoding="UTF-8"?>
<project-private xmlns="http://www.netbeans.org/ns/project-private/1">
    <editor-bookmarks xmlns="http://www.netbeans.org/ns/editor-bookmarks/2" lastBookmarkId="0"/>
    <open-files xmlns="http://www.netbeans.org/ns/projectui-open-files/2">
        <group>
            <file>file:/C:/Users/Nithashi/Desktop/EAD/AgriSmart/src/agrismart/AgriSmart.java</file>
            <file>file:/C:/Users/Nithashi/Desktop/EAD/AgriSmart/src/agrismart/ui/pg1.java</file>
            <file>file:/C:/Users/Nithashi/Desktop/EAD/AgriSmart/src/agrismart/ui/pg2_admin_log.java</file>
            <file>file:/C:/Users/Nithashi/Desktop/EAD/AgriSmart/src/agrismart/ui/pg2_admin1.java</file>
            <file>file:/C:/Users/Nithashi/Desktop/EAD/AgriSmart/src/agrismart/ui/pg2_admin2.java</file>
            <file>file:/C:/Users/Nithashi/Desktop/EAD/AgriSmart/src/agrismart/ui/pg2_admin3.java</file>
            <file>file:/C:/Users/Nithashi/Desktop/EAD/AgriSmart/src/agrismart/ui/pg3_farmer_log.java</file>
            <file>file:/C:/Users/Nithashi/Desktop/EAD/AgriSmart/src/agrismart/ui/pg3_farmer1.java</file>
            <file>file:/C:/Users/Nithashi/Desktop/EAD/AgriSmart/src/agrismart/ui/pg3_farmer3.java</file>
            <file>file:/C:/Users/Nithashi/Desktop/EAD/AgriSmart/src/agrismart/ui/pg3_farmer2.java</file>
            <file>file:/C:/Users/Nithashi/Desktop/EAD/AgriSmart/src/agrismart/ui/pg3_farmer4.java</file>
            <file>file:/C:/Users/Nithashi/Desktop/EAD/AgriSmart/src/agrismart/ui/pg4_customer_log.java</file>
            <file>file:/C:/Users/Nithashi/Desktop/EAD/AgriSmart/src/agrismart/ui/pg4_customer1.java</file>
            <file>file:/C:/Users/Nithashi/Desktop/EAD/AgriSmart/src/agrismart/ui/pg4_customer4.java</file>
            <file>file:/C:/Users/Nithashi/Desktop/EAD/AgriSmart/src/agrismart/ui/pg4_customer2.java</file>
            <file>file:/C:/Users/Nithashi/Desktop/EAD/AgriSmart/src/agrismart/ui/pg4_customer3.java</file>
            <file>file:/C:/Users/Nithashi/Desktop/EAD/AgriSmart/src/project/connection.java</file>
            <file>file:/C:/Users/Nithashi/Desktop/EAD/AgriSmart/src/user/user1.java</file>
            <file>file:/C:/Users/Nithashi/Desktop/EAD/AgriSmart/src/project/dboperations.java</file>
            <file>file:/C:/Users/Nithashi/Desktop/EAD/AgriSmart/src/project/UserDao.java</file>
            <file>file:/C:/Users/Nithashi/Desktop/EAD/AgriSmart/src/user/customer.java</file>
            <file>file:/C:/Users/Nithashi/Desktop/EAD/AgriSmart/src/user/admin.java</file>
        </group>
    </open-files>
</project-private>
